EventDate,Var2,Var3,Var4,Var5
30-Jun-1912,Northern America,Storm,Convective storm,Tornado
01-Jul-1929,Western Europe,Storm,Convective storm,Hail
13-Jun-1930,Southern Europe,Storm,Convective storm,Hail
01-Nov-1950,Northern America,Storm,Convective storm,Tornado
04-Jan-1951,Eastern Africa,Storm,Convective storm,Tornado
01-Jul-1953,Western Europe,Storm,Convective storm,Severe storm
16-Feb-1959,Northern America,Storm,Convective storm,Winter storm/Blizzard
01-Feb-1962,Western Europe,Storm,Convective storm,Severe storm
17-Jun-1966,Western Europe,Storm,Convective storm,Tornado
04-Mar-1966,Northern America,Storm,Convective storm,Winter storm/Blizzard
04-Apr-1966,Eastern Asia,Storm,Convective storm,Lightning/Thunderstorms
25-Jun-1967,Western Europe,Storm,Convective storm,Tornado
25-Jun-1967,Western Europe,Storm,Convective storm,Tornado
10-Jul-1968,Western Europe,Storm,Convective storm,Tornado
04-Mar-1971,Northern America,Storm,Convective storm,Winter storm/Blizzard
04-May-1971,Northern America,Mass movement (dry),Landslide,Mudslide
02-Apr-1972,Southern Asia,Storm,Convective storm,Tornado
01-Jan-1973,South America,Storm,Convective storm,Tornado
28-Apr-1975,Eastern Asia,Storm,Convective storm,Lightning/Thunderstorms
10-Jan-1976,Australia and New Zealand,Storm,Convective storm,Lightning/Thunderstorms
02-Nov-1976,Australia and New Zealand,Storm,Convective storm,Tornado
10-Apr-1976,Southern Asia,Storm,Convective storm,Tornado
09-May-1976,Southern Asia,Storm,Convective storm,Tornado
01-Jan-1977,Australia and New Zealand,Storm,Convective storm,Lightning/Thunderstorms
06-Oct-1977,Southern Asia,Storm,Convective storm,Tornado
17-Mar-1978,Southern Asia,Storm,Convective storm,Tornado
16-Apr-1978,Southern Asia,Storm,Convective storm,Tornado
16-Apr-1978,Southern Asia,Storm,Convective storm,Tornado
01-Jan-1903,Northern America,Storm,Convective storm,Tornado
01-Mar-1913,Northern America,Storm,Convective storm,Tornado
20-Apr-1920,Northern America,Storm,Convective storm,Tornado
10-Jul-1923,Russian Federation,Storm,Convective storm,Hail
17-Mar-1925,Northern America,Storm,Convective storm,Tornado
01-Sep-1927,Northern America,Storm,Convective storm,Tornado
06-Jul-1928,Eastern Europe,Storm,Convective storm,Tornado
01-May-1928,Eastern Europe,Storm,Convective storm,Hail
21-Mar-1932,Northern America,Storm,Convective storm,Tornado
05-Apr-1936,Northern America,Storm,Convective storm,Tornado
10-Mar-1939,Southern Asia,Storm,Convective storm,Hail
01-Jun-1953,Northern America,Storm,Convective storm,Tornado
01-Jan-1963,Northern America,Storm,Convective storm,Tornado
13-Sep-1964,Central America,Storm,Convective storm,Tornado
08-May-1964,Western Asia,Storm,Convective storm,Hail
05-Jul-1965,Southern Europe,Storm,Convective storm,Tornado
11-Apr-1965,Northern America,Storm,Convective storm,Tornado
15-Mar-1966,Western Africa,Storm,Convective storm,Tornado
08-Jun-1966,Northern America,Storm,Convective storm,Tornado
11-May-1970,Northern America,Storm,Convective storm,Tornado
10-Feb-1972,Southern Asia,Storm,Convective storm,Winter storm/Blizzard
04-Feb-1972,Western Asia,Storm,Convective storm,Winter storm/Blizzard
02-Apr-1974,Northern America,Storm,Convective storm,Tornado
22-Oct-1977,Eastern Africa,Storm,Convective storm,Hail
25-Jun-1978,Southern Europe,Storm,Convective storm,Tornado
05-Feb-1978,Northern America,Storm,Convective storm,Winter storm/Blizzard
01-Nov-1979,Australia and New Zealand,Storm,Convective storm,Hail
06-May-1979,Northern Africa,Storm,Convective storm,Sand/Dust storm
25-Jun-1980,South America,Storm,Convective storm,Tornado
24-Dec-1980,Northern Europe,Storm,Convective storm,Severe storm
07-Aug-1980,Eastern Asia,Storm,Convective storm,Lightning/Thunderstorms
28-Jul-1981,Northern America,Storm,Convective storm,Hail
01-Nov-1981,Australia and New Zealand,Storm,Convective storm,Lightning/Thunderstorms
19-Jul-1981,Western Europe,Storm,Convective storm,Winter storm/Blizzard
15-Apr-1981,Southern Asia,Storm,Convective storm,Tornado
10-Nov-1981,Eastern Europe,Storm,Convective storm,Winter storm/Blizzard
15-Apr-1981,Eastern Asia,Storm,Convective storm,Hail
19-Jul-1981,Eastern Europe,Storm,Convective storm,Winter storm/Blizzard
19-Mar-1981,Eastern Asia,Storm,Convective storm,Hail
15-Nov-1982,Australia and New Zealand,Storm,Convective storm,Lightning/Thunderstorms
15-Dec-1982,Australia and New Zealand,Storm,Convective storm,Lightning/Thunderstorms
20-Sep-1982,Western Europe,Storm,Convective storm,Tornado
18-Apr-1983,Caribbean,Storm,Convective storm,Tornado
26-Apr-1983,Southern Asia,Storm,Convective storm,Tornado
15-Jan-1983,Western Europe,Storm,Convective storm,Winter storm/Blizzard
01-Apr-1983,Eastern Asia,Storm,Convective storm,Tornado
14-Apr-1983,Eastern Asia,Storm,Convective storm,Tornado
17-Jun-1983,South America,Storm,Convective storm,Tornado
23-Apr-1983,Western Asia,Storm,Convective storm,Hail
26-Jul-1983,Western Europe,Storm,Convective storm,Severe storm
01-Feb-1983,Northern Europe,Storm,Convective storm,Severe storm
12-Jul-1984,Western Europe,Storm,Convective storm,Hail
12-Jul-1984,Western Europe,Storm,Convective storm,Hail
21-Nov-1984,Western Europe,Storm,Convective storm,Severe storm
09-Oct-1984,South America,Storm,Convective storm,Tornado
01-Jul-1984,South America,Storm,Convective storm,Winter storm/Blizzard
22-Nov-1984,Eastern Europe,Storm,Convective storm,Severe storm
22-Nov-1984,Western Europe,Storm,Convective storm,Severe storm
11-Jul-1984,Western Europe,Storm,Convective storm,Severe storm
21-Nov-1984,Western Europe,Storm,Convective storm,Severe storm
24-Jan-1984,Northern Europe,Storm,Convective storm,Winter storm/Blizzard
18-Jan-1985,Australia and New Zealand,Storm,Convective storm,Hail
01-Sep-1985,Australia and New Zealand,Storm,Convective storm,Hail
01-Aug-1985,Western Europe,Storm,Convective storm,Severe storm
28-Mar-1985,Southern Asia,Storm,Convective storm,Tornado
30-Sep-1985,South America,Storm,Convective storm,Hail
29-May-1985,Northern America,Storm,Convective storm,Tornado
15-Aug-1985,Western Europe,Storm,Convective storm,Hail
01-Aug-1985,Western Europe,Storm,Convective storm,Severe storm
01-Aug-1985,Western Europe,Storm,Convective storm,Severe storm
01-Aug-1985,Northern Europe,Storm,Convective storm,Severe storm
01-Aug-1985,Western Europe,Storm,Convective storm,Severe storm
01-Dec-1986,South America,Storm,Convective storm,Tornado
01-Jan-1986,Australia and New Zealand,Storm,Convective storm,Hail
04-Apr-1986,Southern Asia,Storm,Convective storm,Hail
01-Jan-1986,Northern America,Storm,Convective storm,Tornado
01-Aug-1986,Western Europe,Storm,Convective storm,Hail
15-Jun-1986,South America,Storm,Convective storm,Severe storm
01-Jan-1986,Eastern Asia,Storm,Convective storm,Winter storm/Blizzard
31-Jul-1987,Northern America,Storm,Convective storm,Tornado
06-Mar-1987,Eastern Asia,Storm,Convective storm,Tornado
31-Jul-1987,Eastern Asia,Storm,Convective storm,Tornado
24-Aug-1987,Southern Europe,Storm,Convective storm,Hail
09-May-1980,Southern Asia,Storm,Convective storm,Sand/Dust storm
13-Jun-1980,Southern Asia,Storm,Convective storm,Lightning/Thunderstorms
17-Apr-1981,Southern Asia,Storm,Convective storm,Tornado
10-Mar-1981,Southern Asia,Storm,Convective storm,Tornado
06-Oct-1982,Western Africa,Mass movement (dry),Landslide,Mudslide
01-Feb-1982,Western Asia,Storm,Convective storm,Severe storm
01-Dec-1983,Central America,Storm,Convective storm,Winter storm/Blizzard
16-Sep-1983,South-Eastern Asia,Storm,Convective storm,Tornado
01-Jan-1983,Eastern Europe,Storm,Convective storm,Severe storm
21-Nov-1984,Western Europe,Storm,Convective storm,Severe storm
01-Aug-1985,Western Europe,Storm,Convective storm,Severe storm
16-Nov-1986,Southern Asia,Storm,Convective storm,Winter storm/Blizzard
01-Apr-1986,Eastern Asia,Storm,Convective storm,Winter storm/Blizzard
31-May-1986,Southern Asia,Storm,Convective storm,Sand/Dust storm
01-Jan-1987,Southern Asia,Storm,Convective storm,Hail
12-Mar-1988,Southern Asia,Storm,Convective storm,Hail
01-Apr-1988,Eastern Africa,Storm,Convective storm,Lightning/Thunderstorms
23-Jul-1988,Southern Asia,Storm,Convective storm,Lightning/Thunderstorms
21-Oct-1988,South-Eastern Asia,Storm,Convective storm,Tornado
06-Sep-1988,Melanesia,Mass movement (dry),Landslide,Mudslide
10-Apr-1979,Northern America,Storm,Convective storm,Tornado
10-Apr-1979,Northern America,Storm,Convective storm,Winter storm/Blizzard
09-May-1981,Northern America,Storm,Convective storm,Tornado
02-Apr-1982,Northern America,Storm,Convective storm,Tornado
07-May-1982,Northern America,Storm,Convective storm,Tornado
05-Apr-1982,Northern America,Storm,Convective storm,Winter storm/Blizzard
25-Dec-1982,Northern America,Storm,Convective storm,Winter storm/Blizzard
01-Jun-1983,Russian Federation,Storm,Convective storm,Severe storm
01-May-1983,South-Eastern Asia,Storm,Convective storm,Severe storm
01-Jun-1984,Russian Federation,Storm,Convective storm,Tornado
27-Mar-1984,Northern America,Storm,Convective storm,Tornado
13-Jun-1984,Northern America,Storm,Convective storm,Tornado
01-Nov-1984,Southern Africa,Storm,Convective storm,Hail
29-May-1985,Northern America,Storm,Convective storm,Tornado
05-Feb-1986,Northern America,Storm,Convective storm,Severe storm
16-Mar-1987,Russian Federation,Mass movement (dry),Landslide,Mudslide
22-May-1987,Northern America,Storm,Convective storm,Tornado
27-Feb-1987,Northern America,Storm,Convective storm,Tornado
13-Dec-1987,Northern America,Storm,Convective storm,Winter storm/Blizzard
04-Jan-1987,Northern America,Storm,Convective storm,Winter storm/Blizzard
20-Jan-1987,Northern America,Storm,Convective storm,Winter storm/Blizzard
25-Jun-1988,Middle Africa,Storm,Convective storm,Hail
26-Apr-1989,Southern Asia,Storm,Convective storm,Tornado
20-Apr-1989,Eastern Asia,Storm,Convective storm,Hail
01-Aug-1989,Eastern Asia,Storm,Convective storm,Hail
01-Jun-1989,Eastern Asia,Storm,Convective storm,Winter storm/Blizzard
18-Mar-1990,Australia and New Zealand,Storm,Convective storm,Hail
22-May-1990,Western Europe,Storm,Convective storm,Severe storm
01-Jul-1990,Western Europe,Storm,Convective storm,Severe storm
02-May-1990,Southern Asia,Storm,Convective storm,Tornado
22-Apr-1990,Southern Asia,Storm,Convective storm,Tornado
15-Jul-1990,Eastern Asia,Storm,Convective storm,Hail
09-Nov-1990,Eastern Asia,Storm,Convective storm,Tornado
16-Nov-1990,Eastern Asia,Storm,Convective storm,Tornado
13-Jul-1991,Western Europe,Storm,Convective storm,Lightning/Thunderstorms
07-Sep-1991,Northern America,Storm,Convective storm,Hail
17-Mar-1991,Eastern Asia,Storm,Convective storm,Hail
01-Jan-1991,Australia and New Zealand,Storm,Convective storm,Severe storm
07-May-1991,Southern Asia,Storm,Convective storm,Tornado
20-Apr-1992,Eastern Asia,Storm,Convective storm,Hail
15-Mar-1992,Eastern Asia,Storm,Convective storm,Hail
12-Feb-1992,Australia and New Zealand,Storm,Convective storm,Hail
18-Dec-1992,Australia and New Zealand,Storm,Convective storm,Severe storm
01-Mar-1992,Eastern Asia,Storm,Convective storm,Winter storm/Blizzard
04-Jul-1993,Western Europe,Storm,Convective storm,Hail
05-Jul-1993,Western Europe,Storm,Convective storm,Hail
01-Sep-1993,Australia and New Zealand,Storm,Convective storm,Tornado
05-Jul-1993,Western Europe,Storm,Convective storm,Hail
12-Jan-1993,Southern Asia,Storm,Convective storm,Lightning/Thunderstorms
08-Mar-1993,Eastern Europe,Storm,Convective storm,Winter storm/Blizzard
19-May-1993,Western Europe,Storm,Convective storm,Hail
24-Apr-1993,Eastern Asia,Storm,Convective storm,Hail
05-May-1993,Eastern Asia,Storm,Convective storm,Sand/Dust storm
01-Jan-1993,Eastern Asia,Storm,Convective storm,Winter storm/Blizzard
18-Dec-1993,South America,Mass movement (dry),Landslide,Mudslide
13-Mar-1993,Caribbean,Storm,Convective storm,Winter storm/Blizzard
14-Dec-1993,Northern Africa,Mass movement (dry),Subsidence,Sudden subsidence
20-Aug-1990,Southern Asia,Storm,Convective storm,Severe storm
25-Aug-1990,Southern Asia,Storm,Convective storm,Severe storm
12-Dec-1990,Eastern Asia,Storm,Convective storm,Tornado
21-Apr-1990,Eastern Asia,Storm,Convective storm,Winter storm/Blizzard
27-May-1991,Southern Asia,Storm,Convective storm,Severe storm
21-Apr-1991,Eastern Asia,Storm,Convective storm,Severe storm
17-Jun-1992,Southern Asia,Storm,Convective storm,Severe storm
01-Feb-1992,Western Asia,Storm,Convective storm,Winter storm/Blizzard
22-Sep-1992,Western Europe,Storm,Convective storm,Severe storm
24-Aug-1992,Australia and New Zealand,Storm,Convective storm,Winter storm/Blizzard
06-Jul-1992,Central America,Storm,Convective storm,Tornado
05-Jul-1993,Western Europe,Storm,Convective storm,Hail
15-Apr-1993,Eastern Africa,Storm,Convective storm,Hail
25-May-1993,Southern Asia,Storm,Convective storm,Hail
05-May-1993,Eastern Asia,Storm,Convective storm,Winter storm/Blizzard
10-Mar-1993,Central America,Storm,Convective storm,Winter storm/Blizzard
15-Nov-1989,Northern America,Storm,Convective storm,Tornado
13-Mar-1990,Northern America,Storm,Convective storm,Severe storm
01-May-1990,Northern America,Storm,Convective storm,Severe storm
14-May-1990,Northern America,Storm,Convective storm,Severe storm
18-May-1990,Northern America,Storm,Convective storm,Severe storm
06-Jun-1990,Northern America,Storm,Convective storm,Severe storm
05-Apr-1990,Northern America,Storm,Convective storm,Severe storm
16-Apr-1990,Northern America,Storm,Convective storm,Severe storm
24-Apr-1990,Northern America,Storm,Convective storm,Severe storm
01-Jun-1990,Northern America,Storm,Convective storm,Severe storm
14-Jun-1990,Northern America,Storm,Convective storm,Severe storm
11-Jul-1990,Northern America,Storm,Convective storm,Severe storm
28-Aug-1990,Northern America,Storm,Convective storm,Severe storm
18-Oct-1990,Northern America,Storm,Convective storm,Severe storm
27-Nov-1990,Northern America,Storm,Convective storm,Severe storm
20-Mar-1990,Southern Africa,Storm,Convective storm,Tornado
27-Feb-1991,Northern America,Storm,Convective storm,Severe storm
18-Feb-1991,Northern America,Storm,Convective storm,Severe storm
01-Mar-1991,Northern America,Storm,Convective storm,Severe storm
01-Aug-1991,Russian Federation,Storm,Convective storm,Tornado
26-Apr-1991,Northern America,Storm,Convective storm,Tornado
24-Jun-1991,Northern America,Storm,Convective storm,Hail
30-May-1991,Northern America,Storm,Convective storm,Tornado
17-Jun-1991,Northern America,Storm,Convective storm,Tornado
21-Jun-1991,Northern America,Storm,Convective storm,Tornado
07-Jul-1991,Northern America,Storm,Convective storm,Tornado
02-Oct-1991,Northern America,Storm,Convective storm,Tornado
16-Nov-1991,Northern America,Storm,Convective storm,Tornado
30-Nov-1991,Northern America,Storm,Convective storm,Sand/Dust storm
11-Mar-1991,Northern America,Storm,Convective storm,Severe storm
10-Apr-1992,Northern America,Storm,Convective storm,Hail
19-Apr-1992,Northern America,Storm,Convective storm,Hail
03-Mar-1992,Northern America,Storm,Convective storm,Severe storm
08-Mar-1992,Northern America,Storm,Convective storm,Severe storm
24-Mar-1992,Northern America,Storm,Convective storm,Severe storm
28-Apr-1992,Northern America,Storm,Convective storm,Severe storm
10-May-1992,Northern America,Storm,Convective storm,Severe storm
22-May-1992,Northern America,Storm,Convective storm,Severe storm
14-Jun-1992,Northern America,Storm,Convective storm,Severe storm
19-Jun-1992,Northern America,Storm,Convective storm,Severe storm
24-Jun-1992,Northern America,Storm,Convective storm,Severe storm
02-Jul-1992,Northern America,Storm,Convective storm,Severe storm
05-Jul-1992,Northern America,Storm,Convective storm,Severe storm
06-Jul-1992,Northern America,Storm,Convective storm,Severe storm
05-Sep-1992,Northern America,Storm,Convective storm,Severe storm
03-Oct-1992,Northern America,Storm,Convective storm,Severe storm
15-Oct-1992,Northern America,Storm,Convective storm,Severe storm
12-Nov-1992,Northern America,Storm,Convective storm,Severe storm
21-Nov-1992,Northern America,Storm,Convective storm,Severe storm
01-Dec-1992,Northern America,Storm,Convective storm,Severe storm
25-Mar-1993,Northern America,Storm,Convective storm,Hail
28-Mar-1993,Northern America,Storm,Convective storm,Hail
28-Jul-1993,Northern America,Storm,Convective storm,Hail
24-Apr-1993,Northern America,Storm,Convective storm,Tornado
21-Feb-1993,Northern America,Storm,Convective storm,Tornado
05-Apr-1993,Northern America,Storm,Convective storm,Tornado
07-Jun-1993,Northern America,Storm,Convective storm,Tornado
21-Sep-1993,Northern America,Storm,Convective storm,Tornado
12-Oct-1993,Northern America,Storm,Convective storm,Tornado
19-Apr-1993,Northern America,Storm,Convective storm,Severe storm
01-May-1993,Northern America,Storm,Convective storm,Severe storm
02-Jun-1993,Northern America,Storm,Convective storm,Severe storm
16-Mar-1993,South-Eastern Asia,Storm,Convective storm,Hail
14-Jan-1994,Northern America,Storm,Convective storm,Winter storm/Blizzard
26-Mar-1994,Northern America,Storm,Convective storm,Tornado
01-Nov-1994,Australia and New Zealand,Storm,Convective storm,Lightning/Thunderstorms
25-May-1994,Australia and New Zealand,Storm,Convective storm,Severe storm
15-May-1994,South America,Storm,Convective storm,Tornado
15-May-1994,South America,Storm,Convective storm,Tornado
01-Aug-1994,Northern America,Storm,Convective storm,Hail
05-Aug-1994,Northern America,Storm,Convective storm,Tornado
19-Apr-1995,Eastern Asia,Storm,Convective storm,Hail
01-Apr-1995,Australia and New Zealand,Storm,Convective storm,Tornado
12-Apr-1995,Southern Asia,Storm,Convective storm,Tornado
12-Apr-1995,Southern Asia,Storm,Convective storm,Severe storm
16-Feb-1995,Eastern Asia,Storm,Convective storm,Hail
02-Mar-1995,Eastern Asia,Storm,Convective storm,Winter storm/Blizzard
01-Dec-1996,Australia and New Zealand,Storm,Convective storm,Lightning/Thunderstorms
01-Jan-1996,Eastern Asia,Storm,Convective storm,Winter storm/Blizzard
07-Jun-1997,Eastern Asia,Storm,Convective storm,Lightning/Thunderstorms
12-Oct-1997,Southern Asia,Storm,Convective storm,Tornado
04-Apr-1997,Northern America,Storm,Convective storm,Winter storm/Blizzard
20-Jun-1997,South America,Storm,Convective storm,Winter storm/Blizzard
04-Jun-1997,South America,Storm,Convective storm,Severe storm
09-May-1997,Eastern Asia,Storm,Convective storm,Tornado
18-Apr-1998,Eastern Asia,Storm,Convective storm,Sand/Dust storm
16-Jan-1998,Eastern Asia,Storm,Convective storm,Winter storm/Blizzard
03-Jul-1994,Western Europe,Storm,Convective storm,Lightning/Thunderstorms
07-Jun-1994,Southern Asia,Storm,Convective storm,Tornado
24-Aug-1994,Southern Europe,Storm,Convective storm,Tornado
12-Feb-1994,Eastern Asia,Storm,Convective storm,Winter storm/Blizzard
11-Nov-1994,Eastern Europe,Storm,Convective storm,Severe storm
15-Dec-1995,Northern Europe,Storm,Convective storm,Winter storm/Blizzard
21-Jul-1995,Western Europe,Storm,Convective storm,Hail
07-Oct-1995,Caribbean,Storm,Convective storm,Tornado
02-May-1997,Northern Africa,Storm,Convective storm,Sand/Dust storm
21-Oct-1997,Southern Asia,Storm,Convective storm,Hail
27-Jun-1997,Southern Asia,Storm,Convective storm,Lightning/Thunderstorms
24-Mar-1998,Southern Asia,Storm,Convective storm,Tornado
16-Jan-1998,Eastern Asia,Storm,Convective storm,Winter storm/Blizzard
26-May-1994,Eastern Europe,Storm,Convective storm,Hail
26-Mar-1994,Eastern Europe,Storm,Convective storm,Winter storm/Blizzard
07-Oct-1994,Northern America,Storm,Convective storm,Hail
10-Feb-1994,Northern America,Storm,Convective storm,Winter storm/Blizzard
15-Apr-1994,Northern America,Storm,Convective storm,Severe storm
01-Apr-1994,Southern Africa,Storm,Convective storm,Tornado
22-May-1995,Northern America,Storm,Convective storm,Tornado
29-Jun-1995,Eastern Europe,Storm,Convective storm,Lightning/Thunderstorms
08-Nov-1995,Eastern Europe,Storm,Convective storm,Winter storm/Blizzard
16-May-1995,Northern America,Storm,Convective storm,Tornado
25-Nov-1996,Northern America,Storm,Convective storm,Tornado
19-Apr-1996,Northern America,Storm,Convective storm,Tornado
06-Jan-1996,Northern America,Storm,Convective storm,Winter storm/Blizzard
12-Jan-1996,Northern America,Storm,Convective storm,Winter storm/Blizzard
31-Jan-1996,Northern America,Storm,Convective storm,Winter storm/Blizzard
05-Mar-1996,Northern America,Storm,Convective storm,Severe storm
27-Apr-1996,Northern America,Storm,Convective storm,Severe storm
20-May-1997,Northern America,Storm,Convective storm,Hail
28-Feb-1997,Northern America,Storm,Convective storm,Tornado
01-Jul-1997,Northern America,Storm,Convective storm,Lightning/Thunderstorms
11-Aug-1997,Northern America,Storm,Convective storm,Lightning/Thunderstorms
24-Jan-1997,Northern America,Storm,Convective storm,Tornado
23-Mar-1997,Northern America,Storm,Convective storm,Tornado
10-Apr-1997,Northern America,Storm,Convective storm,Tornado
21-Apr-1997,Northern America,Storm,Convective storm,Tornado
30-Apr-1997,Northern America,Storm,Convective storm,Tornado
17-May-1997,Northern America,Storm,Convective storm,Tornado
20-Jun-1997,Northern America,Storm,Convective storm,Tornado
15-Aug-1997,Northern America,Storm,Convective storm,Tornado
01-Nov-1997,Northern America,Storm,Convective storm,Tornado
04-Jan-1997,Northern America,Storm,Convective storm,Winter storm/Blizzard
04-Apr-1997,Northern America,Storm,Convective storm,Winter storm/Blizzard
05-Dec-1997,Northern America,Storm,Convective storm,Severe storm
22-Feb-1998,Northern America,Storm,Convective storm,Tornado
10-Feb-1998,Northern America,Storm,Convective storm,Hail
27-Mar-1998,Northern America,Storm,Convective storm,Hail
08-Apr-1998,Northern America,Storm,Convective storm,Hail
15-May-1998,Northern America,Storm,Convective storm,Hail
30-May-1998,Northern America,Storm,Convective storm,Hail
04-Oct-1998,Northern America,Storm,Convective storm,Tornado
21-Jul-1998,Northern America,Storm,Convective storm,Lightning/Thunderstorms
05-Mar-1998,Northern America,Storm,Convective storm,Tornado
08-May-1998,South-Eastern Asia,Storm,Convective storm,Tornado
14-Apr-1999,Australia and New Zealand,Storm,Convective storm,Hail
01-Mar-1999,Eastern Africa,Storm,Convective storm,Hail
14-Aug-1999,Western Europe,Storm,Convective storm,Tornado
30-Apr-1999,Southern Asia,Storm,Convective storm,Hail
26-Mar-1999,Southern Asia,Storm,Convective storm,Tornado
16-May-1999,Eastern Europe,Storm,Convective storm,Tornado
06-Jul-1999,Northern America,Storm,Convective storm,Tornado
23-Apr-1999,Eastern Asia,Storm,Convective storm,Hail
23-Apr-1999,Eastern Asia,Storm,Convective storm,Tornado
15-May-1999,Eastern Asia,Storm,Convective storm,Tornado
27-Dec-2000,South America,Storm,Convective storm,Lightning/Thunderstorms
01-Sep-2000,South America,Storm,Convective storm,Winter storm/Blizzard
05-Mar-2000,Southern Asia,Storm,Convective storm,Tornado
25-Jun-2000,Southern Asia,Storm,Convective storm,Tornado
14-Jul-2000,Northern America,Storm,Convective storm,Tornado
13-Jul-2000,Eastern Asia,Storm,Convective storm,Tornado
01-Jan-2001,Eastern Asia,Storm,Convective storm,Winter storm/Blizzard
01-Feb-1999,Eastern Europe,Storm,Convective storm,Winter storm/Blizzard
16-Oct-1999,Western Africa,Storm,Convective storm,Tornado
24-May-2000,Eastern Asia,Storm,Convective storm,Hail
28-Oct-2000,Northern Europe,Storm,Convective storm,Severe storm
19-Sep-2000,Western Europe,Storm,Convective storm,Tornado
11-Jun-2000,Western Africa,Storm,Convective storm,Tornado
26-Nov-2000,Eastern Europe,Storm,Convective storm,Winter storm/Blizzard
21-Sep-2000,Central America,Storm,Convective storm,Severe storm
01-Dec-2000,Eastern Asia,Storm,Convective storm,Winter storm/Blizzard
09-Oct-2000,Central America,Storm,Convective storm,Tornado
09-Nov-1998,Northern America,Storm,Convective storm,Winter storm/Blizzard
15-Dec-1998,Southern Africa,Storm,Convective storm,Tornado
02-Apr-1999,Northern America,Storm,Convective storm,Tornado
13-Apr-1999,Northern America,Storm,Convective storm,Lightning/Thunderstorms
08-Apr-1999,Northern America,Storm,Convective storm,Hail
16-May-1999,Northern America,Storm,Convective storm,Lightning/Thunderstorms
01-Jan-1999,Northern America,Storm,Convective storm,Winter storm/Blizzard
21-Aug-1999,Western Africa,Storm,Convective storm,Tornado
01-Aug-1999,Western Africa,Storm,Convective storm,Tornado
21-Jan-1999,Northern America,Storm,Convective storm,Tornado
15-Apr-1999,Northern America,Storm,Convective storm,Tornado
03-May-1999,Northern America,Storm,Convective storm,Tornado
11-Aug-1999,Northern America,Storm,Convective storm,Tornado
05-May-1999,Northern America,Storm,Convective storm,Tornado
24-Nov-1999,Central Asia,Landslide,Avalanche,Winter storm/Blizzard
06-Jun-1999,South-Eastern Asia,Storm,Convective storm,Tornado
29-Aug-1999,Southern Africa,Storm,Convective storm,Tornado
02-Feb-2000,Southern Africa,Storm,Convective storm,Tornado
24-Dec-2000,Northern America,Storm,Convective storm,Winter storm/Blizzard
10-Jul-2000,South-Eastern Asia,Landslide,Subsidence,Sudden subsidence
01-Jan-2000,Eastern Europe,Storm,Convective storm,Winter storm/Blizzard
02-Jan-2000,Northern America,Storm,Convective storm,Tornado
13-Feb-2000,Northern America,Storm,Convective storm,Tornado
28-Mar-2000,Northern America,Storm,Convective storm,Tornado
26-May-2000,Northern America,Storm,Convective storm,Tornado
25-Jul-2000,Northern America,Storm,Convective storm,Tornado
20-Sep-2000,Northern America,Storm,Convective storm,Tornado
20-Nov-2000,Northern America,Storm,Convective storm,Winter storm/Blizzard
23-May-2000,Northern America,Storm,Convective storm,Severe storm
24-Aug-2000,South-Eastern Asia,Storm,Convective storm,Tornado
26-Apr-2001,Australia and New Zealand,Storm,Convective storm,Severe storm
05-Oct-2001,Southern Asia,Storm,Convective storm,Tornado
29-Sep-2001,South America,Storm,Convective storm,Lightning/Thunderstorms
25-Mar-2001,Eastern Asia,Storm,Convective storm,Lightning/Thunderstorms
08-Jan-2002,Southern Europe,Storm,Convective storm,Winter storm/Blizzard
19-Sep-2002,Australia and New Zealand,Storm,Convective storm,Severe storm
01-Jun-2002,South America,Storm,Convective storm,Winter storm/Blizzard
19-Jul-2002,Eastern Asia,Storm,Convective storm,Hail
01-Jun-2001,South America,Storm,Convective storm,Tornado
06-Jul-2001,Western Europe,Storm,Convective storm,Lightning/Thunderstorms
06-Jul-2001,Western Europe,Storm,Convective storm,Tornado
20-Oct-2001,Western Europe,Storm,Convective storm,Tornado
24-May-2001,Southern Asia,Storm,Convective storm,Lightning/Thunderstorms
06-Jul-2001,Southern Europe,Storm,Convective storm,Lightning/Thunderstorms
07-Apr-2001,Eastern Asia,Storm,Convective storm,Winter storm/Blizzard
25-Dec-2002,Eastern Asia,Storm,Convective storm,Tornado
14-Mar-2002,Eastern Asia,Storm,Convective storm,Sand/Dust storm
27-Oct-2002,Northern Europe,Storm,Convective storm,Severe storm
11-Apr-2002,Southern Asia,Storm,Convective storm,Hail
27-Apr-2002,Southern Asia,Storm,Convective storm,Lightning/Thunderstorms
27-Jan-2003,Western Asia,Storm,Convective storm,Tornado
01-Feb-2003,Eastern Europe,Storm,Convective storm,Winter storm/Blizzard
10-Apr-2001,Northern America,Storm,Convective storm,Tornado
22-Feb-2001,Northern America,Storm,Convective storm,Winter storm/Blizzard
28-Mar-2001,Southern Asia,Storm,Convective storm,Tornado
15-May-2001,Eastern Europe,Storm,Convective storm,Winter storm/Blizzard
03-Mar-2001,Eastern Europe,Storm,Convective storm,Winter storm/Blizzard
21-Feb-2001,Western Asia,Storm,Convective storm,Sand/Dust storm
24-Feb-2001,Northern America,Storm,Convective storm,Tornado
29-Mar-2001,Northern America,Storm,Convective storm,Tornado
21-Apr-2001,Northern America,Storm,Convective storm,Tornado
14-Jun-2001,Northern America,Storm,Convective storm,Tornado
18-Jun-2001,Northern America,Storm,Convective storm,Tornado
13-Jun-2001,Northern America,Storm,Convective storm,Tornado
10-Oct-2001,Northern America,Storm,Convective storm,Tornado
24-Sep-2001,Northern America,Storm,Convective storm,Tornado
11-Oct-2001,Northern America,Storm,Convective storm,Tornado
12-Oct-2001,Northern America,Storm,Convective storm,Tornado
17-Aug-2001,Northern America,Storm,Convective storm,Tornado
14-Sep-2001,Southern Africa,Storm,Convective storm,Tornado
12-Jan-2002,South-Eastern Asia,Storm,Convective storm,Hail
01-Jan-2002,Northern America,Storm,Convective storm,Winter storm/Blizzard
01-Mar-2002,Northern America,Storm,Convective storm,Winter storm/Blizzard
30-Mar-2002,South-Eastern Asia,Storm,Convective storm,Lightning/Thunderstorms
27-May-2002,Southern Asia,Storm,Convective storm,Severe storm
01-Jul-2002,South America,Storm,Convective storm,Winter storm/Blizzard
31-Jul-2002,South America,Storm,Convective storm,Hail
27-Sep-2002,Northern Africa,Storm,Convective storm,Lightning/Thunderstorms
27-Oct-2002,Northern Europe,Storm,Convective storm,Severe storm
23-Apr-2002,South-Eastern Asia,Storm,Convective storm,Hail
05-May-2002,Northern America,Storm,Convective storm,Tornado
21-Apr-2002,Northern America,Storm,Convective storm,Tornado
27-Apr-2002,Northern America,Storm,Convective storm,Tornado
05-Sep-2002,Northern America,Storm,Convective storm,Tornado
05-Nov-2002,Northern America,Storm,Convective storm,Tornado
04-Dec-2002,Northern America,Storm,Convective storm,Winter storm/Blizzard
23-Dec-2002,Northern America,Storm,Convective storm,Winter storm/Blizzard
01-Oct-2002,South-Eastern Asia,Storm,Convective storm,Lightning/Thunderstorms
09-Sep-2002,Southern Africa,Storm,Convective storm,Tornado
15-Jul-2002,Southern Africa,Storm,Convective storm,Winter storm/Blizzard
11-Apr-2002,Southern Africa,Storm,Convective storm,Severe storm
11-Nov-2003,South America,Storm,Convective storm,Lightning/Thunderstorms
24-Oct-2003,Australia and New Zealand,Storm,Convective storm,Hail
03-Dec-2003,Australia and New Zealand,Storm,Convective storm,Lightning/Thunderstorms
14-Feb-2003,Northern America,Storm,Convective storm,Winter storm/Blizzard
09-Dec-2003,Australia and New Zealand,Storm,Convective storm,Hail
18-May-2003,Australia and New Zealand,Storm,Convective storm,Tornado
14-Apr-2004,Southern Asia,Storm,Convective storm,Tornado
23-Jan-2005,Southern Europe,Storm,Convective storm,Winter storm/Blizzard
14-Apr-2003,Eastern Asia,Storm,Convective storm,Hail
19-Jul-2003,Eastern Asia,Storm,Convective storm,Tornado
07-Jun-2003,Western Europe,Storm,Convective storm,Lightning/Thunderstorms
12-Mar-2003,Southern Asia,Storm,Convective storm,Hail
03-Feb-2004,South-Eastern Asia,Storm,Convective storm,Severe storm
13-Nov-2004,Southern Europe,Storm,Convective storm,Severe storm
21-Apr-2004,Eastern Asia,Storm,Convective storm,Hail
20-Jun-2004,Eastern Asia,Storm,Convective storm,Hail
01-Jan-2004,Northern America,Storm,Convective storm,Winter storm/Blizzard
13-May-2004,Southern Asia,Storm,Convective storm,Tornado
19-Feb-2004,Northern America,Storm,Convective storm,Winter storm/Blizzard
08-May-2004,Eastern Asia,Storm,Convective storm,Tornado
05-Mar-2004,Eastern Asia,Storm,Convective storm,Winter storm/Blizzard
20-Mar-2005,Southern Asia,Storm,Convective storm,Tornado
01-Jan-2005,Eastern Europe,Storm,Convective storm,Winter storm/Blizzard
01-Feb-2005,Southern Europe,Storm,Convective storm,Winter storm/Blizzard
01-Feb-2005,Eastern Europe,Storm,Convective storm,Winter storm/Blizzard
01-Feb-2005,Southern Europe,Storm,Convective storm,Winter storm/Blizzard
01-Jan-2005,Eastern Europe,Storm,Convective storm,Winter storm/Blizzard
03-Jan-2005,South America,Storm,Convective storm,Tornado
18-Mar-2003,Northern America,Storm,Convective storm,Tornado
20-Mar-2003,Northern America,Storm,Convective storm,Winter storm/Blizzard
06-Dec-2003,Northern America,Storm,Convective storm,Winter storm/Blizzard
11-Apr-2003,South-Eastern Asia,Storm,Convective storm,Hail
04-May-2003,Northern America,Storm,Convective storm,Tornado
08-Aug-2003,Northern America,Storm,Convective storm,Tornado
30-May-2003,Northern America,Storm,Convective storm,Tornado
09-Oct-2003,Middle Africa,Storm,Convective storm,Lightning/Thunderstorms
29-May-2004,Northern America,Storm,Convective storm,Lightning/Thunderstorms
22-Feb-2004,Western Asia,Storm,Convective storm,Winter storm/Blizzard
21-May-2004,Northern America,Storm,Convective storm,Hail
15-Jan-2004,Northern America,Storm,Convective storm,Winter storm/Blizzard
04-Mar-2004,Northern America,Storm,Convective storm,Tornado
10-Jul-2004,Eastern Europe,Storm,Convective storm,Hail
09-Jun-2004,Eastern Europe,Storm,Convective storm,Hail
20-Mar-2004,Northern America,Storm,Convective storm,Hail
21-Nov-2004,Western Asia,Storm,Convective storm,Winter storm/Blizzard
28-Jun-2004,Northern America,Storm,Convective storm,Lightning/Thunderstorms
10-Jun-2004,South-Eastern Asia,Storm,Convective storm,Tornado
19-Jun-2004,Western Asia,Storm,Convective storm,Tornado
08-Sep-2004,Northern America,Storm,Convective storm,Tornado
01-Jan-2005,Southern Europe,Storm,Convective storm,Winter storm/Blizzard
01-Feb-2005,Eastern Europe,Storm,Convective storm,Winter storm/Blizzard
01-Jan-2005,Eastern Europe,Storm,Convective storm,Winter storm/Blizzard
01-Feb-2005,Eastern Europe,Storm,Convective storm,Winter storm/Blizzard
01-Jan-2005,Southern Europe,Storm,Convective storm,Winter storm/Blizzard
22-Jan-2005,Northern America,Storm,Convective storm,Winter storm/Blizzard
06-Apr-2005,Northern America,Storm,Convective storm,Lightning/Thunderstorms
01-Jan-2005,Western Asia,Storm,Convective storm,Winter storm/Blizzard
10-Mar-2005,Australia and New Zealand,Storm,Convective storm,Tornado
01-Feb-2006,Southern Asia,Storm,Convective storm,Winter storm/Blizzard
10-Jun-2005,Eastern Asia,Storm,Convective storm,Hail
31-May-2005,Eastern Asia,Storm,Convective storm,Hail
18-May-2005,South America,Storm,Convective storm,Winter storm/Blizzard
30-Jul-2005,Eastern Asia,Storm,Convective storm,Tornado
26-Apr-2006,Eastern Asia,Storm,Convective storm,Hail
28-Jun-2006,Western Europe,Storm,Convective storm,Hail
02-May-2006,Southern Asia,Storm,Convective storm,Lightning/Thunderstorms
06-Jan-2006,Eastern Asia,Storm,Convective storm,Winter storm/Blizzard
23-Oct-2006,Western Europe,Storm,Convective storm,Tornado
04-Mar-2006,Southern Asia,Storm,Convective storm,Tornado
14-Feb-2007,Northern America,Storm,Convective storm,Winter storm/Blizzard
23-Jan-2007,Western Europe,Storm,Convective storm,Winter storm/Blizzard
23-Jan-2007,Western Europe,Storm,Convective storm,Winter storm/Blizzard
23-Jan-2007,Southern Europe,Storm,Convective storm,Winter storm/Blizzard
23-Jan-2007,Western Europe,Storm,Convective storm,Winter storm/Blizzard
18-Aug-2005,Northern America,Storm,Convective storm,Tornado
08-Dec-2005,Northern America,Storm,Convective storm,Winter storm/Blizzard
02-Apr-2006,Northern America,Storm,Convective storm,Hail
06-Apr-2006,Northern America,Storm,Convective storm,Hail
01-May-2006,Northern America,Storm,Convective storm,Lightning/Thunderstorms
20-Nov-2006,South-Eastern Asia,Storm,Convective storm,Hail
11-Mar-2006,Northern America,Storm,Convective storm,Tornado
15-Nov-2006,Northern America,Storm,Convective storm,Tornado
12-Oct-2006,Northern America,Storm,Convective storm,Winter storm/Blizzard
08-Mar-2006,Middle Africa,Storm,Convective storm,Tornado
01-Nov-2006,Eastern Asia,Storm,Convective storm,Tornado
25-Dec-2006,Northern America,Storm,Convective storm,Tornado
21-Dec-2006,Northern America,Storm,Convective storm,Winter storm/Blizzard
27-Dec-2006,Northern America,Storm,Convective storm,Winter storm/Blizzard
14-Feb-2007,Northern America,Storm,Convective storm,Winter storm/Blizzard
19-Jan-2007,Eastern Europe,Storm,Convective storm,Winter storm/Blizzard
02-Feb-2007,Northern America,Storm,Convective storm,Tornado
01-Mar-2007,Northern America,Storm,Convective storm,Tornado
05-Jul-2007,Eastern Asia,Storm,Convective storm,Tornado
18-Aug-2007,Eastern Asia,Storm,Convective storm,Tornado
15-Nov-2008,Australia and New Zealand,Storm,Convective storm,Lightning/Thunderstorms
10-Jun-2008,Western Europe,Storm,Convective storm,Lightning/Thunderstorms
08-Nov-2008,South America,Storm,Convective storm,Severe storm
29-May-2008,Western Europe,Storm,Convective storm,Severe storm
17-Apr-2008,Eastern Asia,Storm,Convective storm,Sand/Dust storm
10-Mar-2008,Western Europe,Storm,Convective storm,Severe storm
10-Mar-2008,Northern Europe,Storm,Convective storm,Severe storm
14-May-2008,Southern Asia,Storm,Convective storm,Sand/Dust storm
03-Jun-2008,Eastern Asia,Storm,Convective storm,Hail
03-Aug-2008,Western Europe,Storm,Convective storm,Tornado
02-Jun-2008,Western Africa,Storm,Convective storm,Severe storm
14-Jun-2009,Eastern Asia,Storm,Convective storm,Hail
03-Jun-2009,Eastern Asia,Storm,Convective storm,Severe storm
31-Mar-2009,Southern Asia,Storm,Convective storm,Tornado
19-May-2009,Australia and New Zealand,Storm,Convective storm,Severe storm
05-Apr-2009,Middle Africa,Storm,Convective storm,Severe storm
01-May-2009,Western Africa,Storm,Convective storm,Severe storm
01-Jan-2009,Southern Europe,Extreme temperature,Severe winter conditions,Snow/Ice
23-Mar-2009,Middle Africa,Storm,Convective storm,Severe storm
14-Jan-2009,Western Europe,Extreme temperature,Severe winter conditions,Snow/Ice
04-May-2007,Northern America,Storm,Convective storm,Tornado
24-Apr-2007,Northern America,Storm,Convective storm,Tornado
21-Mar-2007,Western Africa,Storm,Convective storm,Severe storm
22-May-2008,Northern America,Storm,Convective storm,Tornado
10-May-2008,Northern America,Storm,Convective storm,Tornado
01-Jan-2008,Southern Africa,Storm,Convective storm,Tornado
05-Feb-2008,Northern America,Storm,Convective storm,Tornado
14-Mar-2008,Northern America,Storm,Convective storm,Tornado
01-Jan-2008,Southern Asia,Storm,Convective storm,Winter storm/Blizzard
07-Aug-2008,South America,Storm,Convective storm,Hail
26-May-2008,Eastern Asia,Storm,Convective storm,Winter storm/Blizzard
03-Aug-2008,Northern Europe,Storm,Convective storm,Lightning/Thunderstorms
29-Jan-2008,Northern America,Storm,Convective storm,Tornado
09-Apr-2008,Northern America,Storm,Convective storm,Tornado
28-Apr-2008,Northern America,Storm,Convective storm,Tornado
11-Dec-2008,Northern America,Storm,Convective storm,Winter storm/Blizzard
11-Dec-2008,Northern America,Extreme temperature,Severe winter conditions,Snow/Ice
14-Nov-2008,Southern Africa,Storm,Convective storm,Hail
09-Apr-2009,Northern America,Storm,Convective storm,Tornado
15-May-2009,South-Eastern Asia,Storm,Convective storm,Tornado
03-Jan-2009,Southern Africa,Storm,Convective storm,Lightning/Thunderstorms
01-Jan-2008,Middle Africa,Storm,Convective storm,Severe storm
02-Aug-2009,Eastern Asia,Storm,Convective storm,Severe storm
23-Jul-2009,Western Europe,Storm,Convective storm,Lightning/Thunderstorms
09-Sep-2009,South America,Storm,Convective storm,Severe storm
23-Jul-2009,Western Europe,Storm,Convective storm,Lightning/Thunderstorms
11-May-2009,Southern Asia,Storm,Convective storm,Severe storm
05-Dec-2009,Southern Africa,Storm,Convective storm,Hail
13-Nov-2009,Northern Europe,Storm,Convective storm,Severe storm
07-Jun-2009,Southern Asia,Storm,Convective storm,Severe storm
15-Jan-2009,Southern Europe,Extreme temperature,Severe winter conditions,Snow/Ice
09-Sep-2009,South America,Storm,Convective storm,Severe storm
01-Aug-2009,Northern America,Storm,Convective storm,Severe storm
04-Aug-2009,Eastern Asia,Storm,Convective storm,Lightning/Thunderstorms
09-Nov-2009,Eastern Asia,Storm,Convective storm,Winter storm/Blizzard
11-Nov-2009,Eastern Asia,Storm,Convective storm,Winter storm/Blizzard
23-Jul-2009,Eastern Europe,Storm,Convective storm,Lightning/Thunderstorms
23-Jul-2009,Western Europe,Storm,Convective storm,Lightning/Thunderstorms
02-Jul-2009,Western Africa,Storm,Convective storm,Severe storm
28-Jun-2009,Southern Asia,Storm,Convective storm,Lightning/Thunderstorms
06-May-2010,Eastern Asia,Storm,Convective storm,Tornado
01-Jan-2010,Eastern Asia,Storm,Convective storm,Winter storm/Blizzard
06-Mar-2010,Australia and New Zealand,Storm,Convective storm,Lightning/Thunderstorms
22-Mar-2010,Australia and New Zealand,Storm,Convective storm,Severe storm
01-May-2010,Southern Asia,Storm,Convective storm,Lightning/Thunderstorms
24-May-2010,Southern Asia,Storm,Convective storm,Severe storm
08-Oct-2010,Eastern Africa,Storm,Convective storm,Lightning/Thunderstorms
23-Dec-2010,Western Europe,Storm,Convective storm,Winter storm/Blizzard
26-Dec-2010,Northern America,Storm,Convective storm,Winter storm/Blizzard
23-Dec-2010,Western Europe,Storm,Convective storm,Winter storm/Blizzard
23-Dec-2010,Northern Europe,Storm,Convective storm,Winter storm/Blizzard
23-Dec-2010,Western Europe,Storm,Convective storm,Winter storm/Blizzard
17-Apr-2010,Middle Africa,Storm,Convective storm,Tornado
10-Apr-2010,Southern Asia,Storm,Convective storm,Hail
25-Aug-2010,Southern Asia,Storm,Convective storm,Lightning/Thunderstorms
11-Jun-2011,Middle Africa,Storm,Convective storm,Severe storm
16-Feb-2011,Eastern Africa,Storm,Convective storm,Lightning/Thunderstorms
18-Aug-2011,Western Europe,Storm,Convective storm,Lightning/Thunderstorms
21-Aug-2011,Northern America,Storm,Convective storm,Tornado
17-Apr-2011,Eastern Asia,Storm,Convective storm,Hail
20-May-2011,Southern Asia,Storm,Convective storm,Lightning/Thunderstorms
10-Jun-2009,Northern America,Storm,Convective storm,Tornado
16-Apr-2009,Northern America,Storm,Convective storm,Severe storm
26-Mar-2009,Northern America,Storm,Convective storm,Lightning/Thunderstorms
20-Jul-2009,Northern America,Storm,Convective storm,Severe storm
10-Feb-2009,Northern America,Storm,Convective storm,Tornado
23-Jul-2009,Eastern Europe,Storm,Convective storm,Lightning/Thunderstorms
08-Sep-2009,South America,Storm,Convective storm,Severe storm
07-May-2009,Northern America,Storm,Convective storm,Tornado
23-Dec-2009,Northern America,Storm,Convective storm,Winter storm/Blizzard
10-May-2010,Northern America,Storm,Convective storm,Severe storm
12-May-2010,Northern America,Storm,Convective storm,Tornado
17-Jun-2010,Northern America,Storm,Convective storm,Lightning/Thunderstorms
30-Apr-2010,Northern America,Storm,Convective storm,Severe storm
24-Apr-2010,Northern America,Storm,Convective storm,Tornado
31-Dec-2010,Northern America,Storm,Convective storm,Tornado
05-Feb-2010,Northern America,Storm,Convective storm,Winter storm/Blizzard
23-Feb-2010,Northern America,Storm,Convective storm,Winter storm/Blizzard
26-Dec-2010,Northern America,Storm,Convective storm,Winter storm/Blizzard
29-May-2011,Northern America,Storm,Convective storm,Tornado
31-Jan-2011,Northern America,Storm,Convective storm,Winter storm/Blizzard
22-Apr-2011,Northern America,Storm,Convective storm,Tornado
22-Jun-2011,South-Eastern Asia,Storm,Convective storm,Lightning/Thunderstorms
29-Jul-2011,Western Africa,Storm,Convective storm,Lightning/Thunderstorms
31-Jul-2011,Eastern Europe,Storm,Convective storm,Tornado
28-Jun-2011,Eastern Africa,Storm,Convective storm,Lightning/Thunderstorms
14-Apr-2011,Northern America,Storm,Convective storm,Tornado
20-May-2011,Northern America,Storm,Convective storm,Tornado
24-May-2011,Northern America,Storm,Convective storm,Tornado
19-Nov-2009,Southern Africa,Storm,Convective storm,Severe storm
15-Dec-2010,Southern Africa,Storm,Convective storm,Lightning/Thunderstorms
04-Apr-2011,Southern Asia,Storm,Convective storm,Severe storm
10-Feb-2011,Southern Asia,Storm,Convective storm,Winter storm/Blizzard
15-Apr-2011,Southern Asia,Storm,Convective storm,Lightning/Thunderstorms
19-Jul-2012,Western Asia,Storm,Convective storm,Lightning/Thunderstorms
06-Apr-2012,Southern Asia,Storm,Convective storm,Severe storm
29-Oct-2012,South America,Storm,Convective storm,Severe storm
01-May-2012,Middle Africa,Storm,Convective storm,Severe storm
24-Dec-2012,Northern America,Storm,Convective storm,Winter storm/Blizzard
12-Aug-2012,Northern America,Storm,Convective storm,Severe storm
05-Apr-2012,Eastern Asia,Storm,Convective storm,Lightning/Thunderstorms
20-Apr-2012,Eastern Asia,Storm,Convective storm,Lightning/Thunderstorms
25-Feb-2012,South-Eastern Asia,Storm,Convective storm,Tornado
18-Mar-2013,Eastern Asia,Storm,Convective storm,Lightning/Thunderstorms
23-Jun-2013,Eastern Asia,Storm,Convective storm,Lightning/Thunderstorms
12-May-2013,Western Asia,Storm,Convective storm,Severe storm
20-Jun-2013,Western Europe,Storm,Convective storm,Lightning/Thunderstorms
29-Mar-2013,Eastern Asia,Storm,Convective storm,Lightning/Thunderstorms
04-Mar-2013,Middle Africa,Storm,Convective storm,Severe storm
08-Jul-2013,Northern America,Storm,Convective storm,Lightning/Thunderstorms
03-Dec-2013,South America,Storm,Convective storm,Lightning/Thunderstorms
29-Mar-2013,Southern Asia,Storm,Convective storm,Tornado
22-Mar-2013,Southern Asia,Storm,Convective storm,Severe storm
21-Dec-2013,Northern America,Extreme temperature,Severe winter conditions,Snow/Ice
28-Apr-2013,Eastern Asia,Storm,Convective storm,Lightning/Thunderstorms
18-Feb-2013,Eastern Asia,Storm,Convective storm,Winter storm/Blizzard
27-Jul-2013,Western Europe,Storm,Convective storm,Hail
24-Mar-2013,Western Asia,Storm,Convective storm,Severe storm
15-Mar-2013,Eastern Europe,Storm,Convective storm,Winter storm/Blizzard
05-Oct-2013,Southern Asia,Storm,Convective storm,Lightning/Thunderstorms
29-Mar-2013,Southern Asia,Storm,Convective storm,Tornado
24-Nov-2011,Southern Asia,Storm,Convective storm,Severe storm
26-Nov-2011,Northern Europe,Storm,Convective storm,Severe storm
11-Jan-2011,South America,Storm,Convective storm,Winter storm/Blizzard
08-Aug-2011,South America,Storm,Convective storm,Hail
03-Aug-2011,Northern Africa,Storm,Convective storm,Severe storm
18-Sep-2012,South America,Storm,Convective storm,Severe storm
13-Feb-2012,Western Africa,Storm,Convective storm,Lightning/Thunderstorms
01-Jan-2012,Eastern Asia,Storm,Convective storm,Winter storm/Blizzard
06-May-2012,Eastern Asia,Storm,Convective storm,Lightning/Thunderstorms
03-Apr-2012,Eastern Asia,Storm,Convective storm,Severe storm
06-Dec-2012,Australia and New Zealand,Storm,Convective storm,Tornado
14-Jul-2012,Eastern Europe,Storm,Convective storm,Tornado
30-Jun-2012,Northern America,Storm,Convective storm,Lightning/Thunderstorms
25-May-2012,Northern America,Storm,Convective storm,Lightning/Thunderstorms
06-Jun-2012,Northern America,Storm,Convective storm,Lightning/Thunderstorms
11-Jun-2012,Northern America,Storm,Convective storm,Lightning/Thunderstorms
02-Jul-2012,Northern America,Storm,Convective storm,Lightning/Thunderstorms
07-Sep-2012,Northern America,Storm,Convective storm,Lightning/Thunderstorms
22-Jan-2012,Northern America,Storm,Convective storm,Tornado
02-Aug-2013,Northern America,Storm,Convective storm,Lightning/Thunderstorms
18-Jan-2013,Southern Europe,Storm,Convective storm,Severe storm
09-Dec-2013,Western Asia,Storm,Convective storm,Winter storm/Blizzard
02-Dec-2013,Western Asia,Storm,Convective storm,Winter storm/Blizzard
02-Sep-2013,Eastern Asia,Storm,Convective storm,Tornado
14-Jan-2013,Eastern Asia,Storm,Convective storm,Winter storm/Blizzard
23-Feb-2013,Eastern Asia,Storm,Convective storm,Winter storm/Blizzard
12-Jun-2013,Northern America,Storm,Convective storm,Lightning/Thunderstorms
31-Dec-2011,Southern Africa,Storm,Convective storm,Severe storm
29-Oct-2011,Northern America,Storm,Convective storm,Winter storm/Blizzard
20-Dec-2011,Northern America,Storm,Convective storm,Winter storm/Blizzard
07-Jan-2011,Northern America,Storm,Convective storm,Winter storm/Blizzard
17-Jan-2011,Northern America,Storm,Convective storm,Winter storm/Blizzard
02-Oct-2011,Southern Africa,Storm,Convective storm,Lightning/Thunderstorms
02-Mar-2012,Northern America,Storm,Convective storm,Tornado
28-Feb-2012,Northern America,Storm,Convective storm,Tornado
02-Apr-2012,Northern America,Storm,Convective storm,Tornado
14-Apr-2012,Northern America,Storm,Convective storm,Tornado
19-Dec-2012,Northern America,Storm,Convective storm,Winter storm/Blizzard
25-Dec-2012,Northern America,Storm,Convective storm,Winter storm/Blizzard
18-Jan-2012,Northern America,Storm,Convective storm,Winter storm/Blizzard
28-Jun-2012,Northern America,Storm,Convective storm,Severe storm
28-Apr-2012,Northern America,Storm,Convective storm,Severe storm
18-May-2013,Northern America,Storm,Convective storm,Tornado
15-May-2013,Northern America,Storm,Convective storm,Tornado
16-Nov-2013,Northern America,Storm,Convective storm,Tornado
24-Feb-2013,Northern America,Storm,Convective storm,Winter storm/Blizzard
08-Feb-2013,Northern America,Storm,Convective storm,Winter storm/Blizzard
24-Nov-2013,Northern America,Storm,Convective storm,Winter storm/Blizzard
17-Apr-2013,Northern America,Storm,Convective storm,Severe storm
29-Jan-2013,Northern America,Storm,Convective storm,Tornado
26-May-2013,Northern America,Storm,Convective storm,Tornado
09-Feb-2013,Northern America,Storm,Convective storm,Winter storm/Blizzard
01-Dec-2013,Northern America,Storm,Convective storm,Winter storm/Blizzard
19-Dec-2013,Northern America,Extreme temperature,Severe winter conditions,Snow/Ice
07-Apr-2013,Northern America,Storm,Convective storm,Severe storm
18-Mar-2013,Northern America,Storm,Convective storm,Severe storm
02-Sep-2014,Eastern Asia,Storm,Convective storm,Severe storm
18-Sep-2014,Western Europe,Storm,Convective storm,Lightning/Thunderstorms
27-Mar-2014,Eastern Asia,Storm,Convective storm,Lightning/Thunderstorms
22-Apr-2014,Eastern Asia,Storm,Convective storm,Severe storm
17-Jun-2014,Eastern Asia,Storm,Convective storm,Lightning/Thunderstorms
19-Jul-2014,Eastern Asia,Storm,Convective storm,Lightning/Thunderstorms
02-Feb-2014,Northern America,Storm,Convective storm,Winter storm/Blizzard
01-Feb-2014,Southern Asia,Storm,Convective storm,Winter storm/Blizzard
07-Feb-2014,Eastern Asia,Storm,Convective storm,Winter storm/Blizzard
07-Apr-2014,Eastern Asia,Storm,Convective storm,Winter storm/Blizzard
01-Jan-2014,Northern America,Storm,Convective storm,Winter storm/Blizzard
26-Jan-2014,Northern America,Storm,Convective storm,Winter storm/Blizzard
22-Nov-2014,Australia and New Zealand,Storm,Convective storm,Lightning/Thunderstorms
08-Jun-2014,Western Europe,Storm,Convective storm,Lightning/Thunderstorms
08-Jul-2014,Eastern Europe,Storm,Convective storm,Hail
15-Nov-2014,Western Europe,Storm,Convective storm,Lightning/Thunderstorms
16-Apr-2014,Eastern Asia,Storm,Convective storm,Lightning/Thunderstorms
10-Aug-2014,Eastern Asia,Storm,Convective storm,Lightning/Thunderstorms
12-Mar-2014,Eastern Asia,Storm,Convective storm,Winter storm/Blizzard
02-Dec-2014,Eastern Asia,Storm,Convective storm,Winter storm/Blizzard
06-Oct-2014,South America,Storm,Convective storm,Lightning/Thunderstorms
08-Jun-2014,Western Europe,Storm,Convective storm,Lightning/Thunderstorms
28-Jul-2014,Western Europe,Storm,Convective storm,Lightning/Thunderstorms
08-Jun-2014,Western Europe,Storm,Convective storm,Lightning/Thunderstorms
07-May-2015,Eastern Asia,Storm,Convective storm,Severe storm
21-Jun-2015,Eastern Asia,Storm,Convective storm,Severe storm
01-Apr-2015,Southern Asia,Storm,Convective storm,Lightning/Thunderstorms
08-Aug-2015,South America,Storm,Convective storm,Severe storm
19-Apr-2015,Eastern Asia,Storm,Convective storm,Severe storm
24-Oct-2015,Northern Africa,Storm,Convective storm,Lightning/Thunderstorms
20-Apr-2015,Australia and New Zealand,Storm,Convective storm,Severe storm
24-Mar-2015,Eastern Asia,Storm,Convective storm,Severe storm
06-Apr-2015,Eastern Asia,Storm,Convective storm,Lightning/Thunderstorms
29-Mar-2015,Eastern Asia,Storm,Convective storm,Winter storm/Blizzard
15-Feb-2015,South America,Storm,Convective storm,Rain
24-Apr-2015,Middle Africa,Storm,Convective storm,Severe storm
03-Nov-2015,Northern Africa,Storm,Convective storm,Lightning/Thunderstorms
13-Jul-2015,Eastern Asia,Storm,Convective storm,Severe storm
02-May-2015,Southern Asia,Storm,Convective storm,Lightning/Thunderstorms
23-May-2015,Southern Asia,Storm,Convective storm,Lightning/Thunderstorms
20-Apr-2015,South America,Storm,Convective storm,Lightning/Thunderstorms
22-Nov-2015,Eastern Asia,Storm,Convective storm,Winter storm/Blizzard
04-Apr-2015,Eastern Asia,Storm,Convective storm,Severe storm
06-Oct-2015,Eastern Asia,Storm,Convective storm,Severe storm
08-Sep-2016,Eastern Asia,Storm,Convective storm,Lightning/Thunderstorms
24-Apr-2016,Eastern Asia,Storm,Convective storm,Lightning/Thunderstorms
04-Jun-2016,Australia and New Zealand,Storm,Convective storm,Winter storm/Blizzard
23-Jun-2016,Western Europe,Storm,Convective storm,Lightning/Thunderstorms
13-May-2016,Southern Asia,Storm,Convective storm,Lightning/Thunderstorms
24-Jun-2016,Eastern Asia,Storm,Convective storm,Tornado
10-Mar-2014,Southern Asia,Storm,Convective storm,Winter storm/Blizzard
06-Mar-2014,Southern Asia,Storm,Convective storm,Lightning/Thunderstorms
12-Nov-2014,Southern Europe,Storm,Convective storm,Lightning/Thunderstorms
14-Oct-2014,Southern Asia,Storm,Convective storm,Winter storm/Blizzard
16-Mar-2014,South-Eastern Asia,Storm,Convective storm,Lightning/Thunderstorms
21-Nov-2014,Northern Africa,Storm,Convective storm,Severe storm
15-Aug-2014,Southern Asia,Storm,Convective storm,Lightning/Thunderstorms
30-May-2014,Southern Asia,Storm,Convective storm,Lightning/Thunderstorms
08-Feb-2014,Eastern Asia,Storm,Convective storm,Winter storm/Blizzard
14-Feb-2014,Eastern Asia,Storm,Convective storm,Winter storm/Blizzard
17-Dec-2014,Eastern Asia,Storm,Convective storm,Winter storm/Blizzard
02-Dec-2014,Eastern Asia,Storm,Convective storm,Winter storm/Blizzard
01-Feb-2014,Central Asia,Storm,Convective storm,Winter storm/Blizzard
17-Feb-2014,Eastern Asia,Storm,Convective storm,Winter storm/Blizzard
11-Oct-2014,Southern Africa,Storm,Convective storm,Severe storm
18-Apr-2014,Southern Asia,Landslide,Avalanche,Winter storm/Blizzard
06-Mar-2015,Southern Asia,Storm,Convective storm,Lightning/Thunderstorms
26-Mar-2015,Central America,Storm,Convective storm,Severe storm
02-Mar-2015,Southern Europe,Storm,Convective storm,Severe storm
21-Apr-2015,Southern Asia,Storm,Convective storm,Severe storm
19-Feb-2015,Western Asia,Storm,Convective storm,Winter storm/Blizzard
07-Jan-2015,Western Asia,Storm,Convective storm,Winter storm/Blizzard
02-Jan-2015,Eastern Africa,Storm,Convective storm,Lightning/Thunderstorms
19-Jan-2015,Western Asia,Storm,Convective storm,Severe storm
07-Jan-2015,Western Asia,Storm,Convective storm,Winter storm/Blizzard
04-Apr-2015,Southern Asia,Storm,Convective storm,Lightning/Thunderstorms
06-Sep-2015,Southern Asia,Storm,Convective storm,Lightning/Thunderstorms
19-May-2015,Southern Asia,Storm,Convective storm,Lightning/Thunderstorms
03-Oct-2015,Southern Asia,Storm,Convective storm,Lightning/Thunderstorms
08-Sep-2015,Western Asia,Storm,Convective storm,Sand/Dust storm
08-Sep-2015,Western Asia,Storm,Convective storm,Sand/Dust storm
06-Jan-2015,Western Asia,Storm,Convective storm,Winter storm/Blizzard
10-Feb-2015,Western Asia,Storm,Convective storm,Winter storm/Blizzard
25-May-2015,Central America,Storm,Convective storm,Tornado
04-Apr-2015,South-Eastern Asia,Storm,Convective storm,Lightning/Thunderstorms
19-Jul-2015,Eastern Europe,Storm,Convective storm,Severe storm
04-Apr-2015,South America,Storm,Convective storm,Severe storm
02-May-2015,Central America,Storm,Convective storm,Storm/Surge
08-Sep-2015,Western Asia,Storm,Convective storm,Sand/Dust storm
14-Aug-2016,Western Africa,Storm,Convective storm,Lightning/Thunderstorms
21-Apr-2016,South-Eastern Asia,Storm,Convective storm,Lightning/Thunderstorms
23-Jun-2016,Western Europe,Storm,Convective storm,Lightning/Thunderstorms
12-Jun-2016,Southern Asia,Storm,Convective storm,Lightning/Thunderstorms
20-Jun-2016,Southern Asia,Storm,Convective storm,Lightning/Thunderstorms
29-Apr-2016,South-Eastern Asia,Storm,Convective storm,Lightning/Thunderstorms
01-Jun-2016,Southern Asia,Storm,Convective storm,Lightning/Thunderstorms
26-Feb-2003,Northern America,Storm,Convective storm,Winter storm/Blizzard
10-Dec-2014,Northern America,Storm,Convective storm,Winter storm/Blizzard
26-Jul-2014,Northern America,Storm,Convective storm,Lightning/Thunderstorms
27-Apr-2014,Northern America,Storm,Convective storm,Severe storm
12-Oct-2014,Northern America,Storm,Convective storm,Lightning/Thunderstorms
18-May-2014,Northern America,Storm,Convective storm,Lightning/Thunderstorms
03-Jun-2014,Northern America,Storm,Convective storm,Lightning/Thunderstorms
11-Feb-2014,Northern America,Storm,Convective storm,Winter storm/Blizzard
28-Feb-2014,Northern America,Storm,Convective storm,Winter storm/Blizzard
15-Nov-2014,Northern America,Storm,Convective storm,Winter storm/Blizzard
06-May-2015,Northern America,Storm,Convective storm,Lightning/Thunderstorms
29-Oct-2015,Northern America,Storm,Convective storm,Lightning/Thunderstorms
24-Apr-2015,Northern America,Storm,Convective storm,Tornado
03-May-2015,Northern America,Storm,Convective storm,Tornado
03-Jun-2015,Northern America,Storm,Convective storm,Lightning/Thunderstorms
07-Apr-2015,Northern America,Storm,Convective storm,Tornado
12-Jul-2015,Northern America,Storm,Convective storm,Severe storm
25-Mar-2015,Northern America,Storm,Convective storm,Tornado
02-Aug-2015,Northern America,Storm,Convective storm,Severe storm
16-Feb-2015,Northern America,Storm,Convective storm,Winter storm/Blizzard
31-Jan-2015,Northern America,Storm,Convective storm,Winter storm/Blizzard
03-Mar-2015,Eastern Africa,Storm,Convective storm,Hail
26-Dec-2015,Northern America,Storm,Convective storm,Tornado
25-Nov-2015,Northern America,Storm,Convective storm,Winter storm/Blizzard
02-Jan-2015,Eastern Africa,Storm,Convective storm,Lightning/Thunderstorms
26-Jan-2015,Northern America,Storm,Convective storm,Winter storm/Blizzard
06-May-2015,Northern America,Storm,Convective storm,Tornado
06-Jan-2015,Northern America,Storm,Convective storm,Winter storm/Blizzard
16-Feb-2015,Northern America,Storm,Convective storm,Winter storm/Blizzard
03-Mar-2015,Northern America,Storm,Convective storm,Winter storm/Blizzard
04-Jan-2016,Northern America,Storm,Convective storm,Severe storm
25-Apr-2016,Northern America,Storm,Convective storm,Lightning/Thunderstorms
10-Apr-2016,Northern America,Storm,Convective storm,Lightning/Thunderstorms
08-May-2016,Northern America,Storm,Convective storm,Tornado
17-Mar-2016,Northern America,Storm,Convective storm,Severe storm
22-Mar-2016,Northern America,Storm,Convective storm,Severe storm
21-May-2016,Northern America,Storm,Convective storm,Hail
04-Mar-2016,Northern America,Storm,Convective storm,Severe storm
27-Oct-2016,Northern Africa,Storm,Convective storm,Lightning/Thunderstorms
23-Jan-2016,Northern America,Storm,Convective storm,Winter storm/Blizzard
22-Feb-2016,Northern America,Storm,Convective storm,Winter storm/Blizzard
04-Aug-2016,Eastern Asia,Storm,Convective storm,Severe storm
05-Aug-2017,Western Europe,Storm,Convective storm,Severe storm
14-Jul-2017,Eastern Asia,Storm,Convective storm,Lightning/Thunderstorms
24-Jan-2017,Southern Asia,Storm,Convective storm,Winter storm/Blizzard
17-Feb-2017,Southern Asia,Storm,Convective storm,Winter storm/Blizzard
13-Jul-2017,Eastern Asia,Storm,Convective storm,Lightning/Thunderstorms
18-Aug-2017,Western Europe,Storm,Convective storm,Severe storm
06-Mar-2017,Australia and New Zealand,Storm,Convective storm,Hail
19-Aug-2017,Western Europe,Storm,Convective storm,Severe storm
01-May-2017,Southern Asia,Storm,Convective storm,Lightning/Thunderstorms
01-Jan-2017,Middle Africa,Storm,Convective storm,Severe storm
15-Apr-2017,Eastern Asia,Storm,Convective storm,Lightning/Thunderstorms
20-May-2017,Eastern Asia,Storm,Convective storm,Lightning/Thunderstorms
01-Mar-2017,Eastern Asia,Storm,Convective storm,Severe storm
10-Aug-2017,Eastern Europe,Storm,Convective storm,Derecho
22-Jun-2017,Western Europe,Storm,Convective storm,Hail
03-Jan-2018,Western Europe,Storm,Convective storm,Severe storm
24-Jan-2018,Eastern Asia,Storm,Convective storm,Winter storm/Blizzard
03-Jan-2018,Southern Europe,Storm,Convective storm,Severe storm
02-Jan-2018,Northern Europe,Storm,Convective storm,Severe storm
03-Jan-2018,Western Europe,Storm,Convective storm,Severe storm
17-Aug-2018,Western Asia,Storm,Convective storm,Hail
29-Apr-2018,Southern Asia,Storm,Convective storm,Lightning/Thunderstorms
21-Sep-2018,Northern America,Storm,Convective storm,Tornado
03-Mar-2018,Eastern Asia,Storm,Convective storm,Lightning/Thunderstorms
02-Jan-2018,Eastern Asia,Storm,Convective storm,Winter storm/Blizzard
27-Dec-2018,Eastern Asia,Storm,Convective storm,Winter storm/Blizzard
18-Apr-2019,Southern Europe,Storm,Convective storm,Severe storm
05-Jan-2019,Western Europe,Storm,Convective storm,Winter storm/Blizzard
13-Jan-2019,Western Europe,Storm,Convective storm,Winter storm/Blizzard
27-Jun-2019,Western Asia,Storm,Convective storm,Hail
31-Mar-2019,Southern Asia,Storm,Convective storm,Lightning/Thunderstorms
03-Jul-2019,Eastern Asia,Storm,Convective storm,Tornado
27-Jan-2019,Caribbean,Storm,Convective storm,Tornado
05-Jan-2019,Western Europe,Storm,Convective storm,Winter storm/Blizzard
10-Jul-2019,Southern Europe,Storm,Convective storm,Tornado
24-Oct-2016,Eastern Africa,Storm,Convective storm,Lightning/Thunderstorms
01-Sep-2016,Southern Asia,Storm,Convective storm,Lightning/Thunderstorms
09-Sep-2017,Southern Europe,Storm,Convective storm,Lightning/Thunderstorms
22-Apr-2017,Southern Asia,Storm,Convective storm,Lightning/Thunderstorms
05-Aug-2017,Southern Europe,Storm,Convective storm,Severe storm
21-Jul-2017,Australia and New Zealand,Storm,Convective storm,Winter storm/Blizzard
11-Sep-2017,Southern Europe,Storm,Convective storm,Lightning/Thunderstorms
21-Jun-2017,Eastern Europe,Storm,Convective storm,Hail
04-Sep-2017,Western Africa,Storm,Convective storm,Severe storm
08-Jul-2017,Southern Asia,Storm,Convective storm,Lightning/Thunderstorms
28-May-2017,Southern Asia,Storm,Convective storm,Lightning/Thunderstorms
25-Mar-2017,Southern Asia,Storm,Convective storm,Lightning/Thunderstorms
10-Jun-2017,Southern Asia,Storm,Convective storm,Lightning/Thunderstorms
10-Aug-2017,Eastern Europe,Storm,Convective storm,Derecho
17-Sep-2017,Eastern Europe,Storm,Convective storm,Severe storm
01-Jun-2018,Southern Asia,Storm,Convective storm,Lightning/Thunderstorms
02-Jan-2018,Northern Europe,Storm,Convective storm,Severe storm
11-Apr-2018,Southern Asia,Storm,Convective storm,Lightning/Thunderstorms
17-Apr-2018,Southern Asia,Storm,Convective storm,Lightning/Thunderstorms
13-May-2018,Southern Asia,Storm,Convective storm,Lightning/Thunderstorms
06-May-2018,Southern Asia,Storm,Convective storm,Lightning/Thunderstorms
28-May-2018,Southern Asia,Storm,Convective storm,Lightning/Thunderstorms
01-May-2018,Southern Asia,Storm,Convective storm,Sand/Dust storm
19-Jan-2018,Western Asia,Storm,Convective storm,Winter storm/Blizzard
25-Nov-2018,Eastern Asia,Storm,Convective storm,Winter storm/Blizzard
06-Jun-2019,Southern Asia,Storm,Convective storm,Lightning/Thunderstorms
11-Jan-2019,Western Asia,Storm,Convective storm,Severe storm
01-Jun-2019,Southern Asia,Storm,Convective storm,Lightning/Thunderstorms
10-May-2019,Eastern Asia,Storm,Convective storm,Storm/Surge
30-Mar-2019,Southern Asia,Storm,Convective storm,Severe storm
26-Nov-2016,Northern America,Storm,Convective storm,Winter storm/Blizzard
13-Dec-2016,Northern America,Storm,Convective storm,Winter storm/Blizzard
28-Nov-2016,Western Asia,Storm,Convective storm,Winter storm/Blizzard
09-Dec-2016,Eastern Africa,Storm,Convective storm,Lightning/Thunderstorms
24-Apr-2016,Northern America,Storm,Convective storm,Lightning/Thunderstorms
06-Jan-2017,Northern America,Storm,Convective storm,Winter storm/Blizzard
05-Aug-2017,Northern America,Storm,Convective storm,Tornado
31-Dec-2017,Northern America,Storm,Convective storm,Winter storm/Blizzard
07-Jun-2017,Southern Africa,Storm,Convective storm,Lightning/Thunderstorms
27-Jul-2017,Western Asia,Storm,Convective storm,Lightning/Thunderstorms
25-Jun-2017,Northern America,Storm,Convective storm,Lightning/Thunderstorms
25-Mar-2017,Northern America,Storm,Convective storm,Tornado
27-Feb-2017,Northern America,Storm,Convective storm,Tornado
29-May-2017,Eastern Europe,Storm,Convective storm,Severe storm
09-May-2017,Northern America,Storm,Convective storm,Hail
06-Mar-2017,Northern America,Storm,Convective storm,Hail
09-Jun-2017,Northern America,Storm,Convective storm,Lightning/Thunderstorms
05-Nov-2017,Northern America,Storm,Convective storm,Lightning/Thunderstorms
09-Oct-2017,Southern Africa,Storm,Convective storm,Lightning/Thunderstorms
01-Apr-2017,Eastern Africa,Storm,Convective storm,Severe storm
10-Aug-2017,Eastern Europe,Storm,Convective storm,Derecho
13-Mar-2017,Northern America,Storm,Convective storm,Winter storm/Blizzard
18-Jan-2017,Northern America,Storm,Convective storm,Severe storm
01-Mar-2018,Northern America,Storm,Convective storm,Winter storm/Blizzard
06-Aug-2018,Northern America,Storm,Convective storm,Lightning/Thunderstorms
03-Jan-2018,Northern America,Storm,Convective storm,Winter storm/Blizzard
26-Dec-2018,Northern America,Storm,Convective storm,Winter storm/Blizzard
19-Jul-2018,Northern America,Storm,Convective storm,Tornado
21-Jan-2018,Northern America,Storm,Convective storm,Winter storm/Blizzard
23-Feb-2019,Northern America,Storm,Convective storm,Lightning/Thunderstorms
18-Jan-2019,Northern America,Storm,Convective storm,Sand/Dust storm
13-Apr-2019,Northern America,Storm,Convective storm,Tornado
23-May-2019,Northern America,Storm,Convective storm,Tornado
29-Jan-2019,Northern America,Storm,Convective storm,Winter storm/Blizzard
24-Apr-2019,Northern America,Storm,Convective storm,Lightning/Thunderstorms
31-Oct-2019,Northern America,Storm,Convective storm,Severe storm
23-Nov-2019,Western Europe,Storm,Convective storm,Severe storm
11-Jan-2019,Northern America,Storm,Convective storm,Winter storm/Blizzard
03-Mar-2019,Northern America,Storm,Convective storm,Tornado
09-Aug-2019,Western Europe,Storm,Convective storm,Tornado
19-Jan-2020,Australia and New Zealand,Storm,Convective storm,Lightning/Thunderstorms
12-Jan-2020,Southern Asia,Storm,Convective storm,Winter storm/Blizzard
13-Jun-2020,Northern America,Storm,Convective storm,Severe storm
13-Jul-2020,Western Asia,Storm,Convective storm,Hail
16-Mar-2020,Eastern Africa,Storm,Convective storm,Lightning/Thunderstorms
31-Oct-2020,Australia and New Zealand,Storm,Convective storm,Hail
01-May-2020,Eastern Asia,Storm,Convective storm,Severe storm
29-Jan-2021,South America,Storm,Convective storm,Severe storm
24-Jun-2021,Eastern Europe,Storm,Convective storm,Severe storm
23-Jul-2021,Western Europe,Storm,Convective storm,Severe storm
08-Jan-2021,Southern Europe,Storm,Convective storm,Winter storm/Blizzard
30-Apr-2021,Eastern Asia,Storm,Convective storm,Lightning/Thunderstorms
28-Jun-2021,Western Europe,Storm,Convective storm,Lightning/Thunderstorms
28-Jun-2021,Western Europe,Storm,Convective storm,Lightning/Thunderstorms
14-Mar-2021,Eastern Asia,Storm,Convective storm,Sand/Dust storm
24-Jul-2021,Western Europe,Storm,Convective storm,Severe storm
21-Jun-2021,Northern America,Storm,Convective storm,Tornado
13-May-2021,Eastern Asia,Storm,Convective storm,Tornado
22-May-2021,Eastern Asia,Storm,Convective storm,Severe storm
23-Nov-2019,Southern Europe,Storm,Convective storm,Severe storm
16-Oct-2019,Central America,Storm,Convective storm,Severe storm
12-Nov-2019,Southern Europe,Storm,Convective storm,Severe storm
17-Aug-2019,Central America,Storm,Convective storm,Severe storm
22-Aug-2019,Eastern Europe,Storm,Convective storm,Severe storm
19-Jun-2019,Western Africa,Storm,Convective storm,Storm/Surge
09-Aug-2019,Western Europe,Storm,Convective storm,Tornado
22-Aug-2019,Eastern Europe,Storm,Convective storm,Severe storm
11-Jan-2020,Southern Asia,Storm,Convective storm,Winter storm/Blizzard
29-Aug-2020,Southern Europe,Storm,Convective storm,Severe storm
25-Aug-2020,Eastern Africa,Storm,Convective storm,Severe storm
16-Dec-2020,Eastern Asia,Storm,Convective storm,Winter storm/Blizzard
01-Jan-2020,Eastern Asia,Storm,Convective storm,Winter storm/Blizzard
11-Jan-2020,Southern Asia,Storm,Convective storm,Winter storm/Blizzard
07-Jan-2020,Western Asia,Storm,Convective storm,Severe storm
29-Apr-2020,South-Eastern Asia,Storm,Convective storm,Severe storm
16-May-2021,Central America,Storm,Convective storm,Severe storm
14-Jul-2021,Southern Asia,Storm,Convective storm,Severe storm
31-May-2021,Southern Asia,Storm,Convective storm,Severe storm
22-Jun-2021,Eastern Europe,Storm,Convective storm,Severe storm
07-Jan-2021,Eastern Asia,Storm,Convective storm,Winter storm/Blizzard
08-Jan-2021,Eastern Asia,Storm,Convective storm,Winter storm/Blizzard
02-Jul-2021,Western Africa,Storm,Convective storm,Severe storm
01-Jan-2021,South-Eastern Asia,Storm,Convective storm,Severe storm
14-Mar-2021,Eastern Asia,Storm,Convective storm,Sand/Dust storm
22-Mar-2021,South-Eastern Asia,Storm,Convective storm,Severe storm
12-Feb-2021,Central America,Storm,Convective storm,Winter storm/Blizzard
19-Jun-2021,Australia and New Zealand,Storm,Convective storm,Tornado
01-Jun-2021,Northern Africa,Storm,Convective storm,Severe storm
16-Dec-2019,Northern America,Storm,Convective storm,Severe storm
27-Nov-2019,Northern America,Storm,Convective storm,Winter storm/Blizzard
20-Oct-2019,Northern America,Storm,Convective storm,Severe storm
11-Nov-2019,Southern Africa,Storm,Convective storm,Severe storm
20-May-2020,Northern America,Storm,Convective storm,Severe storm
10-Nov-2020,Northern America,Storm,Convective storm,Lightning/Thunderstorms
17-Nov-2020,Southern Africa,Storm,Convective storm,Severe storm
06-Apr-2020,Northern America,Storm,Convective storm,Tornado
02-May-2020,Northern America,Storm,Convective storm,Severe storm
22-Jun-2020,South America,Storm,Convective storm,Severe storm
10-Apr-2020,Northern America,Storm,Convective storm,Tornado
21-Apr-2020,Northern America,Storm,Convective storm,Tornado
10-Jan-2020,Northern America,Storm,Convective storm,Severe storm
22-Apr-2020,South-Eastern Asia,Storm,Convective storm,Lightning/Thunderstorms
08-Aug-2020,Northern America,Storm,Convective storm,Derecho
27-May-2020,Northern America,Storm,Convective storm,Hail
02-Mar-2020,Northern America,Storm,Convective storm,Tornado
27-Mar-2020,Northern America,Storm,Convective storm,Severe storm
13-Jan-2021,Northern America,Storm,Convective storm,Severe storm
24-Jan-2021,Northern America,Storm,Convective storm,Severe storm
05-May-2021,Northern America,Storm,Convective storm,Tornado
27-Apr-2021,Northern America,Storm,Convective storm,Severe storm
24-Jan-2021,Northern America,Storm,Convective storm,Tornado
09-Apr-2021,Northern America,Storm,Convective storm,Severe storm
10-Feb-2021,Northern America,Storm,Convective storm,Winter storm/Blizzard
24-Mar-2021,Northern America,Storm,Convective storm,Tornado
14-May-2021,Northern America,Storm,Convective storm,Severe storm
13-Apr-2021,Northern America,Storm,Convective storm,Severe storm
16-Mar-2021,Northern America,Storm,Convective storm,Tornado
22-Mar-2021,South-Eastern Asia,Storm,Convective storm,Severe storm
